mouse,noStimDp,v1StimDp,scStimDp,obStimDp,noStimC,v1StimC,scStimC,obStimC,v1DeltaDp,scDeltaDp,obDeltaDp,nNoStim,nV1Stim,nSCStim,nDualStim,faRate,lapseRate
2365,1.61112291364081,1.52739950230985,0.372302096815193,0.648804879303974,0.867614145765506,0.909475851430987,1.48702455417832,1.34877316293393,-0.0837234113309615,-1.23882081682562,-0.962318034336841,80,79,79,83,0.0471463658812077,0.5
2365,1.78425626443902,1.69506949460819,0.560737559753137,0.33447431398539,0.758231363737299,0.802824748652715,1.36999071608024,1.48312233896411,-0.0891867698308308,-1.22351870468588,-1.44978195045363,73,72,72,72,0.0494347151089489,0.444444444444444
2365,1.58692448812086,1.87310869118537,0.297865253478761,0.215961828550118,0.908894682260815,0.765802580728561,1.55342429958187,1.59437601204619,0.286184203064508,-1.2890592346421,-1.37096265957074,92,92,91,91,0.044344239709037,0.395604395604396
2365,2.49239694615037,2.3831786399052,0.670587425507152,0.761121318250851,0.685998460569479,0.74060761369206,1.59690322089109,1.55163627451924,-0.109218306245163,-1.82180952064321,-1.73127562789951,100,104,102,104,0.0266676017617193,0.223300970873786
2365,1.15758197328875,1.36626838411742,0.0637783672551371,0.0821209080890559,0.733893664225208,0.629550458810872,1.28079546724201,1.27162419682506,0.208686410828671,-1.09380360603361,-1.0754610651997,59,60,63,62,0.0946446159157383,0.349397590361446
2365,1.62336503030332,1.1733534912927,0.542423226524618,0.305999183027726,0.550235723100744,0.775241492606057,1.0907066249901,1.20891864673854,-0.450011539010626,-1.0809418037787,-1.3173658472756,80,80,80,82,0.086611844846203,0.290780141843972
2365,1.96873764153917,1.83942757827151,0.873339248898471,0.596618539702739,0.694100128040831,0.758755159674659,1.24179932436118,1.38015967895904,-0.129310063267657,-1.0953983926407,-1.37211910183643,87,89,89,89,0.046627793658464,0.288888888888889
2365,1.55678412641023,1.19207876108369,-0.463216674742895,1.10696753917338,1.11105530702654,1.29340798968981,2.1210557076031,1.33596360064497,-0.364705365326543,-2.02000080115312,-0.449816587236853,85,83,52,50,0.0294159542997529,0.478260869565217
2365,2.11334093149114,1.77485653420822,1.26638443123464,1.14377489326276,0.856840376101495,1.02608257474296,1.28031862622974,1.34162339521568,-0.338484397282921,-0.846956500256497,-0.969566038228377,66,63,68,66,0.0278413434441412,0.284552845528455
2365,2.53605950334225,1.82026532177271,1.14476106757037,1.3736722135501,0.315322507424126,0.673219598208895,1.01097172531007,0.8965161523202,-0.715794181569539,-1.39129843577188,-1.16238728979215,56,60,57,60,0.0566705989467905,0.248554913294798
2365,1.77799706113294,1.14722226934306,0.993087085070285,0.484682487148603,0.995604397433809,1.31099179332875,1.38805938546513,1.64226168442598,-0.630774791789876,-0.784909976062651,-1.29331457398433,76,75,76,74,0.0297417333558074,0.425619834710744
2365,1.76938049006355,1.33110194285379,0.888700892517679,0.741237491773554,0.929886122520396,1.14902539612527,1.37022592129333,1.44395762166539,-0.438278547209757,-0.880679597545867,-1.02814299828999,44,68,34,35,0.0347945184903138,0.370629370629371
2365,1.83112010042271,1.38226921737564,1.00928048052026,1.00928048052026,0.739559239716526,0.963984681240058,1.15047904966775,1.15047904966775,-0.448850883047064,-0.821839619902446,-0.821839619902446,44,45,44,44,0.0489501513530695,0.292134831460674
2365,2.15115594158678,1.67977586876854,1.252407742583,1.15793104654805,0.401175676127002,0.636865712536122,0.850549775628894,0.897788123646368,-0.47138007281824,-0.898748199003784,-0.993224895038733,43,41,42,43,0.0698708429725585,0.160839160839161
2365,2.21264388275219,1.84647901474684,1.21017365374465,1.16757944440726,0.555745092428809,0.738827526431485,1.05698020693258,1.07827731160128,-0.366164868005352,-1.00247022900754,-1.04506443834494,65,64,67,64,0.0482496672905234,0.317948717948718
2365,2.04419457518358,1.96941225770236,0.651603544670539,0.950206565087692,0.928715550146013,0.966106708886624,1.62501106540253,1.47570955519396,-0.0747823174812217,-1.39259103051304,-1.09398801009588,51,50,50,50,0.0255396570707935,0.389162561576355
2365,1.8050990536181,1.61910098480234,0.977701117213449,0.415356477792639,1.04870025053941,1.1416992849473,1.46239921874174,1.74357153845215,-0.185998068815764,-0.827397936404655,-1.38974257582546,57,57,59,58,0.0255136701100473,0.454545454545455
2365,1.49683026509737,2.02034383799492,1.24420645482156,1.42888527017715,1.16442087230031,0.902664085851532,1.29073277743821,1.19839336976041,0.523513572897552,-0.252623810275804,-0.0679449949202131,56,54,55,54,0.0278845251280067,0.363636363636364
2365,1.96597980865446,1.55769079413665,1.10706906043277,0.551742057413072,0.761972423907077,0.966116931165982,1.19142779801792,1.46909129952777,-0.40828901451781,-0.858910748221686,-1.41423775124139,48,49,48,46,0.0404957133316859,0.317708333333333
2365,1.7559066457943,2.02202599748382,1.22442847071074,0.913233379516453,0.606231175512108,0.473171499667347,0.871970263053891,1.02756780865103,0.266119351689521,-0.531478175083566,-0.84267326627785,41,40,41,42,0.068879990551706,0.218181818181818
2401,2.53131431245047,2.17621429584934,1.97187887519533,2.05424177007892,0.915710469069294,1.09326047736986,1.19542818769686,1.15424674025507,-0.355100016601127,-0.559435437255138,-0.477072542371548,95,95,94,94,0.0145781181046206,0.25531914893617
2401,2.39241046380596,2.19211430452396,2.17791592444921,2.05844876592544,1.03799600142246,1.13814408106346,1.14524327110083,1.20497685036271,-0.200296159281999,-0.214494539356741,-0.333961697880512,95,98,95,96,0.0127349176665174,0.291666666666667
2401,2.29375974227771,2.33490055607283,2.21076198921917,2.30883712525462,1.21346973926178,1.19289933236422,1.25496861579105,1.20593104777333,0.0411408137951192,-0.0829977530585393,0.0150773829769086,92,91,92,95,0.00912885973436861,0.369565217391304
2401,2.97344879270114,2.67269847798184,2.77720084250717,2.36348810888166,1.10462354632713,1.25499870368678,1.20274752142412,1.40960388823687,-0.300750314719297,-0.196247950193971,-0.609960683819477,103,101,99,126,0.00478003896243784,0.274509803921569
2401,2.81068252387208,2.70092062334166,2.3025247714037,2.52936948799157,0.818469270437206,0.873350220702415,1.07254814667139,0.959125788377462,-0.109761900530417,-0.508157752468375,-0.281313035880511,80,80,80,80,0.0130805972380948,0.25
2401,2.47744605743766,2.37682090890532,2.1308373490601,2.34075060694099,1.21356395500083,1.263876529267,1.38686830918961,1.28191168024916,-0.100625148532339,-0.346608708377556,-0.136695450496665,74,76,74,74,0.0070975699311927,0.358108108108108
2401,2.44830949267601,2.25340439732244,2.05422672778826,2.14521715096861,1.13823975991015,1.23569230758693,1.33528114235402,1.28978593076384,-0.194905095353561,-0.394082764887747,-0.303092341707397,65,65,65,62,0.00907865419322007,0.445652173913043
2401,2.256943216961,2.05254270687535,2.02538625695923,1.99701963857014,0.99652997979698,1.0987302348398,1.11230845979786,1.12649176899241,-0.204400510085645,-0.231556960001766,-0.259923578390853,50,50,49,48,0.0167932401840594,0.346938775510204
2401,2.1657695346513,2.20428311518805,1.79483716435728,1.93085946742742,1.13813189070349,1.11887510043511,1.3235980758505,1.25558692431543,0.0385135805367529,-0.370932370294022,-0.234910067223882,33,34,32,33,0.0131749165743658,0.466165413533835
2401,1.99600406899405,1.7255706009806,1.63116809115015,1.39449386178859,1.20755417078644,1.34277090479316,1.38997215970839,1.50830927438917,-0.270433468013451,-0.364835977843897,-0.601510207205462,40,40,41,41,0.0137075441707282,0.524691358024691
2452,1.46318844709984,1.20044020449192,1.10603233067473,1.52007210323773,0.230575117612445,0.361949238916404,0.409153175825,0.202133289543499,-0.262748242607919,-0.357156116425111,0.0568836561378918,78,77,76,75,0.167982273511854,0.24
2452,1.68806026213559,1.40449382463698,1.40449382463698,1.54305267446378,0.379727867974574,0.521511086723879,0.521511086723879,0.452231661810479,-0.28356643749861,-0.28356643749861,-0.145007587671811,42,42,42,42,0.110521766488242,0.280487804878049
2452,1.89517362667534,2.03017307875753,1.74090022827303,1.30558383383482,0.591271475976278,0.52377174993518,0.66840817517743,0.886066372396538,0.134999452082197,-0.154273398402305,-0.589589792840519,65,65,66,63,0.0619194479678704,0.2109375
2452,1.7118287745909,1.52713786085462,0.551127452860616,1.05058650789299,0.606170451655933,0.698515908524074,1.18652111252108,0.936791585004888,-0.184690913736282,-1.16070132173028,-0.661242266697909,51,50,50,49,0.0718589813977261,0.346534653465347
2452,1.70802789208151,1.56766198555109,1.04626549001451,1.35587620811448,0.622727484387401,0.692910437652608,0.953608685420897,0.798803326370916,-0.140365906530415,-0.661762402066992,-0.352151683967031,50,51,50,51,0.06987248094094,0.254901960784314
2452,2.32091128810561,2.33072690176667,1.73068711649567,1.69102197245281,0.433856930809784,0.428949123979252,0.728969016614751,0.748801588636184,0.00981561366106343,-0.590224171609935,-0.6298893156528,77,78,76,78,0.0554330212927895,0.157407407407407
2452,2.11947514392242,2.29126800884761,2.02400823082659,1.90274262501899,0.508307846124175,0.422411413661576,0.55604130267209,0.616674105575889,0.171792864925198,-0.0954669130958292,-0.216732518903429,95,95,95,95,0.0584352666118654,0.127659574468085
2452,1.64299349587839,1.55770157601132,1.25926874825276,1.28994374981506,0.370921052215513,0.413567012149046,0.562783426028329,0.547445925247179,-0.0852919198670645,-0.383724747625632,-0.353049746063332,59,57,55,54,0.116548732080066,0.274336283185841
2452,2.1427995515933,2.47444114123277,1.67283848631313,1.7569797678117,0.563953118372034,0.3981323235523,0.798933651012118,0.756863010262833,0.331641589639468,-0.469961065280168,-0.385819783781597,62,63,63,63,0.050987545606591,0.195121951219512
2452,2.28382170524956,2.17513184455334,1.7034670224475,1.50276161012972,0.436941859942012,0.491286790290124,0.727119201343043,0.827471907501932,-0.108689860696223,-0.580354682802061,-0.78106009511984,75,77,73,76,0.0571849222673073,0.128378378378378
2452,2.06361612179952,2.27799111302237,1.94015551923947,2.01624718896465,0.588478184024992,0.481290688413565,0.650208485305014,0.612162650442422,0.214374991222854,-0.123460602560043,-0.047368932834861,61,62,62,61,0.0525854011380388,0.258064516129032
2452,2.3472047870063,2.23009738858606,1.966251678102,1.8296400260453,0.544125709824129,0.602679409034248,0.734602264276277,0.802908090304627,-0.117107398420238,-0.380953108904296,-0.517564760960997,79,79,78,78,0.0429231104028478,0.164556962025316
2452,2.64124570586261,2.45693088806324,2.16061225605882,2.1268666611864,0.354267018454352,0.446424427354036,0.594583743356247,0.611456540792458,-0.184314817799368,-0.480633449803791,-0.514379044676212,88,87,87,87,0.0469779206266742,0.233333333333333
2454,1.59482772491333,1.49910595273377,0.841479144509924,0.852744261478077,0.791792402189477,0.839653288279253,1.16846669239118,1.1628341339071,-0.0957217721795522,-0.753348580403401,-0.742083463435248,83,85,85,84,0.0560069162964285,0.229885057471264
2454,2.24811858227344,1.97210747488861,1.71058489172358,1.61923421355068,0.941729192877838,1.07973474657025,1.21049603815276,1.25617137723922,-0.276011107384829,-0.537533690549852,-0.62888436872276,93,93,91,91,0.0194242279748719,0.228260869565217
2454,2.10817930967164,1.93675342052139,1.44917355816724,1.66444368857508,0.855946936677881,0.941659881253006,1.18544981243008,1.07781474722616,-0.17142588915025,-0.6590057515044,-0.44373562109656,83,82,82,81,0.0280642510659037,0.25609756097561
2454,2.27758223949617,2.0690136471008,1.51657819556166,1.71717302450855,0.789507748976801,0.893792045174485,1.17000977094406,1.06971235647061,-0.208568592395369,-0.761004043934515,-0.560409214987621,82,81,81,81,0.0269089812287415,0.209876543209877
2454,2.04369794563666,2.23540510328971,1.5758913559942,1.32920773379751,1.01111564075935,0.915262061932818,1.24501893558058,1.36836074667892,0.191707157653057,-0.467806589642459,-0.714490211839144,68,73,71,74,0.0210280491140113,0.420289855072464
2454,1.83661361231745,1.63465182914004,1.20725599073468,0.686117381285494,0.705272175366536,0.806253066955242,1.01995098615792,1.28052029088252,-0.201961783177412,-0.629357621582775,-1.15049623103196,66,66,67,69,0.0522328471408574,0.238805970149254
2454,2.39588840891928,2.56438037187212,1.45954913466316,1.88381868175104,0.742180243213956,0.657934261737537,1.21034988034202,0.998215106798076,0.168491962952837,-0.936339274256127,-0.51206972716824,57,54,57,57,0.0261822837693378,0.141592920353982
2454,2.2724218616652,2.09258554462982,1.5704309364813,1.67154109121885,0.798128673740403,0.888046832258093,1.14912413633235,1.09856905896358,-0.17983631703538,-0.701990925183899,-0.600880770446358,95,94,96,97,0.0265356934177625,0.237113402061856
2454,1.74107480066239,2.15437917070254,1.09574883642918,1.28156736653549,0.902366517707864,0.695714332687787,1.22502949982447,1.13212023477131,0.413304370040154,-0.645325964233206,-0.459507434126899,73,71,72,74,0.0381223146672941,0.256410256410256
2454,2.30865149542099,2.27679556251301,1.73944120074042,1.69141094960374,0.927058043565642,0.942986010019633,1.21166319090593,1.23567831647427,-0.0318559329079817,-0.569210294680571,-0.617240545817252,82,82,82,86,0.0186993955414417,0.215686274509804
2454,1.54181998918084,1.5455850598123,1.05977001898918,0.184735509617342,0.918791081018467,0.916908545702738,1.1598160661143,1.59733332080022,0.00376507063145759,-0.482049970191658,-1.3570844795635,45,47,47,46,0.0455425786945173,0.27972027972028
2454,2.399943489261,1.37454635119028,1.13869465192183,0.736095376886423,0.2942628827773,0.806961451812657,0.924887301446886,1.12618693896459,-1.02539713807071,-1.26124883733917,-1.66384811237457,47,47,47,47,0.067557152456458,0.128440366972477
2454,1.4965882103472,0.898599175419569,0.745216866389908,-0.0141250189597362,0.634203992933337,0.933198510397152,1.00988966491198,1.3895606075868,-0.597989034927631,-0.751371343957292,-1.51071322930694,36,35,34,38,0.0834094070213903,0.204819277108434
2454,2.73533630630923,2.14510936219268,1.40995143897061,1.01470458443499,0.250537265165881,0.545650737224153,0.91322969883519,1.110853126103,-0.590226944116545,-1.32538486733862,-1.72063172187424,56,60,58,61,0.052809167779009,0.201680672268908
2454,2.05355108491441,1.28530967878904,0.802404348571099,0.615238193538704,0.676350929201593,1.06047163226428,1.30192429737325,1.39550737488945,-0.768241406125372,-1.25114673634331,-1.43831289137571,49,49,50,51,0.0442722014944287,0.187919463087248
2454,2.02786397273085,1.804470061782,0.941229235290541,0.866970099396179,0.72191087570723,0.833607831181656,1.26522824442739,1.30235781237457,-0.223393910948851,-1.08663473744031,-1.16089387333468,65,64,61,62,0.0412958115135535,0.204918032786885
2454,2.37084258592085,2.32887384606864,1.30207781920553,1.41356254474701,0.777897933396323,0.798882303322427,1.31228031675398,1.25653795398324,-0.0419687398522077,-1.06876476671531,-0.957280041173838,66,66,66,68,0.0248045463959301,0.259541984732824
2454,2.2299563188771,2.19453027111873,1.41654496032259,1.30549410023104,0.946635981916335,0.964349005795518,1.35334166119359,1.40886709123936,-0.0354260477583654,-0.813411358554509,-0.924462218646055,73,73,73,75,0.0196222433058731,0.321678321678322
2454,1.84833704193144,2.04331921748672,1.3372549306093,0.897312767627864,0.734768762350558,0.637277674572918,0.990309818011628,1.21028089950235,0.194982175555281,-0.511082111322139,-0.951024274303575,47,45,47,46,0.0485642154010145,0.165467625899281
2454,2.43664689323238,2.13911022143142,1.47890417931963,0.577992613964635,0.773888819429235,0.922657155329712,1.25276017638561,1.70321595906311,-0.297536671800955,-0.957742713912751,-1.85865427926774,53,51,50,50,0.0231738864855751,0.25
2454,2.3040380446832,1.85316908926623,1.44529509143681,0.869631281899841,0.960381664354857,1.18581614206334,1.38975314097805,1.67758504574654,-0.450868955416966,-0.858742953246385,-1.43440676278336,48,49,49,49,0.017326048079696,0.358974358974359
2454,2.36142089355182,2.28129501265574,1.61139018296208,1.26785289907795,0.829959542128707,0.870022482576751,1.20497489742358,1.37674353936564,-0.0801258808960879,-0.750030710589744,-1.09356799447387,62,65,64,61,0.0221801629993833,0.252631578947368
2454,2.08982573436937,1.90386406599629,1.29711262374141,1.48524215341017,1.04584606873338,1.13882690291992,1.44220262404736,1.34813785921298,-0.185961668373077,-0.792713110627959,-0.604583580959195,57,55,57,56,0.0182748394410018,0.315789473684211
2454,2.18996494808345,1.68495587867916,1.10381762214332,1.23292813030341,0.73395644809584,0.986460982797987,1.27703011106591,1.21247485698586,-0.505009069404294,-1.08614732594014,-0.957036817780042,49,52,50,50,0.0337043793036352,0.187919463087248
2454,2.8328486584218,2.17996253729114,1.39701220855411,1.24212015493261,0.303862415792126,0.630305476357457,1.02178064072597,1.09922666753672,-0.652886121130662,-1.43583644986769,-1.59072850348919,55,55,55,55,0.0426901658303129,0.195121951219512
2454,2.53029181375631,2.3156217135054,1.38756489701463,1.50592688464553,0.791259496648215,0.898594546773671,1.36262295501906,1.30344196120361,-0.214670100250912,-1.14272691674169,-1.02436492911078,61,59,60,59,0.0198717279466829,0.230337078651685
2456,0.699816944927485,0.762161949970968,-0.0112005850037629,0.552681740330811,0.779357430964538,0.748184928442796,1.13486619593016,0.852925033262875,0.0623450050434828,-0.711017529931248,-0.147135204596674,50,25,25,24,0.129392839934056,0.397435897435897
2456,1.48926766877006,1.18508369966779,1.01670971525079,1.38477434353692,0.797191949031304,0.949283933582439,1.03347092579094,0.849438611647873,-0.304183969102271,-0.472557953519263,-0.104493325233138,45,35,35,36,0.0615579673895036,0.340909090909091
2456,2.14934609456914,2.20418394408365,1.93586899556664,2.04176555369444,0.819699944524817,0.792281019767564,0.926438494026068,0.873490214962169,0.0548378495145063,-0.213477099002502,-0.107580540874705,98,49,49,49,0.0290877593594473,0.265734265734266
2456,1.97140577953829,1.98578464027074,1.95734137952407,2.19563899995903,1.08552744672689,1.07833801636066,1.092559646734,0.973410836516514,0.014378860732452,-0.0140644000142218,0.224233220420743,85,42,43,43,0.0191686379401795,0.325396825396825
2456,1.42305195936152,1.33992819843938,1.28385511401977,0.920217778771467,0.845696315681203,0.887258196142276,0.915294738352079,1.09711340597623,-0.0831237609221449,-0.139196845341752,-0.502834180590057,123,49,49,49,0.0597088583605139,0.556701030927835
2456,1.05563415932462,1.21270532094663,1.09096956661502,1.31529343062638,0.837067546388768,0.758531965577762,0.819399842743565,0.707237910737888,0.157071161622012,0.0353354072904049,0.25965927130176,81,82,81,80,0.0861446575166041,0.50314465408805
2456,1.59743573323666,1.23300780358434,0.86832427797558,1.11365470250712,0.726343643185533,0.908557608011694,1.09089937081607,0.968234158550304,-0.364427929652322,-0.729111455261078,-0.483781030729541,34,33,33,34,0.0636218781998794,0.485294117647059
2456,2.60395941960359,2.86154700834701,2.84245422031088,2.55781406859337,0.964674434151291,0.835880639779583,0.845427033797646,0.987747109656401,0.257587588743415,0.23849480070729,-0.0461453510102214,44,44,43,42,0.0117056808704034,0.202312138728324
2475,1.60049018457686,1.95013450374585,1.5242375565082,1.78661202525038,0.77460369038541,0.599781530800914,0.812730004419738,0.681542770048647,0.349644319168992,-0.0762526280686562,0.186121840673525,52,51,51,51,0.05764567657721,0.320388349514563
2475,1.8501801710779,1.67615139251265,1.56620954751479,1.65134850745924,0.631884212889276,0.718898602171904,0.773869524670835,0.73130004469861,-0.174028778565257,-0.283970623563117,-0.198831663618667,47,47,45,46,0.0597382938272683,0.386363636363636
2475,1.90526980078218,2.18475476673992,2.00754599071794,1.88070493608067,0.658250535684627,0.518508052705758,0.607112440716747,0.670532968035384,0.279484965957739,0.10227618993576,-0.0245648647015133,55,56,55,51,0.0536023474499463,0.230263157894737
2475,2.15313372307381,2.09793071109514,1.99264275440113,2.30637436808441,0.665222525808049,0.692824031797385,0.745468010144386,0.588602203302747,-0.0552030119786715,-0.160490968672675,0.153240645010604,49,52,52,51,0.0407726522010606,0.240384615384615
2475,1.72705430913265,1.48938337009086,1.63125444648729,1.53877207942991,0.912833303504647,1.03166877302554,0.960733234827328,1.00697441835602,-0.237670939041785,-0.0957998626453624,-0.188282229702741,42,39,41,42,0.0378367620781528,0.326388888888889
2475,1.80119766618684,1.51541386133003,1.67982925427444,1.83813052665578,1.01259037938409,1.15548228181249,1.07327458534029,0.994123949149618,-0.285783804856812,-0.121368411912393,0.036932860468941,34,33,33,33,0.0278619170126827,0.447761194029851
2475,2.13949827264095,2.12103208293162,1.84399922460404,2.12103208293162,0.954674350989277,0.963907445843943,1.10242387500773,0.963907445843943,-0.018466189709331,-0.295499048036905,-0.018466189709331,63,62,59,62,0.0214632985667921,0.377049180327869
2475,2.25268017811684,2.22574484555208,2.05029429669983,2.05029429669983,1.21311206837023,1.22657973465261,1.31430500907874,1.31430500907874,-0.0269353325647521,-0.202385881417008,-0.202385881417008,51,50,51,51,0.00965602243320451,0.4
2475,1.55853253018873,1.77558358482609,1.67709110763177,1.67709110763177,1.08309666176901,0.974571134450333,1.02381737304749,1.02381737304749,0.217051054637359,0.118558577443039,0.118558577443039,55,56,54,54,0.0312759755476339,0.416666666666667
2475,1.5115771993515,1.55011192965346,1.64842749817106,1.38398109149387,1.26590518057867,1.24663781542769,1.19748003116889,1.32970323450749,0.0385347303019608,0.136850298819561,-0.127596107857638,25,18,19,18,0.0216039984150768,0.485943775100402
2475,2.14210637615079,1.98066643789723,1.99733329716318,1.9635394962118,0.853804170499701,0.934524139626478,0.926190709993506,0.943087610469193,-0.161439938253553,-0.14477307898761,-0.178566879938984,72,71,72,70,0.0271236029069888,0.314685314685315
2475,1.8679064282351,1.767112866459,1.8090684597696,1.76855779539355,0.823866691030317,0.87426347191837,0.853285675263068,0.873541007451092,-0.100793561776106,-0.0588379684655023,-0.0993486328415518,89,86,89,84,0.0393890786785521,0.375
2475,1.27771051165255,1.30074645936889,1.42288621248266,1.25382620855564,0.888381535524114,0.876863561665945,0.815793685109059,0.900323687072569,0.0230359477163391,0.145175700830111,-0.02388430309691,66,67,69,65,0.0633510703588251,0.388059701492537
2476,1.7778854160642,1.75530209758763,1.40369106540886,1.43135043472282,1.09326443493638,1.10455609417466,1.28036161026405,1.26653192560707,-0.0225833184765678,-0.374194350655337,-0.346534981341375,67,66,67,65,0.023728030779088,0.320610687022901
2476,1.94702937276712,1.69224260564912,0.893249056184407,0.315744794114884,1.04172633297044,1.16911971652944,1.5686164912618,1.85736862229656,-0.254786767117996,-1.05378031658271,-1.63128457865224,64,62,60,61,0.021939700744524,0.422413793103448
2476,1.97481368757201,1.96748011620542,1.44968281836888,1.48445166055576,1.15671204607619,1.16037883175949,1.41927748067776,1.40189305958432,-0.00733357136658919,-0.525130869203137,-0.490362027016255,43,41,43,45,0.0160116809361487,0.381578947368421
2476,2.18965209007493,1.69583021552454,1.78150702239531,1.57886611059871,0.67954489600352,0.926455833278711,0.883617429843328,0.984937885741629,-0.493821874550382,-0.408145067679615,-0.610785979476218,46,45,46,45,0.0380009066094119,0.293478260869565
2476,2.08129485844129,1.96315604153271,1.65578058761999,1.3280964735291,0.909474386855851,0.96854379531014,1.1222315222665,1.28607357931195,-0.118138816908578,-0.425514270821304,-0.753198384912195,55,56,55,56,0.0255808007905418,0.36144578313253
2476,1.98959260086185,1.84595384428836,1.57465692044055,1.54788047104777,0.781932899753769,0.853752278040512,0.989400739964417,1.00278896466081,-0.143638756573488,-0.414935680421298,-0.441712129814086,45,44,43,44,0.0378064027678499,0.272727272727273
2476,2.25894713955415,1.76646599325981,1.49591789141306,1.71554707616622,0.960544092343837,1.20678466549101,1.34205871641438,1.2322441240378,-0.492481146294344,-0.763029248141093,-0.543400063387934,40,39,38,41,0.0183081065761609,0.454545454545455
2476,2.55065525035129,2.54980435978768,2.24861614321573,2.08334812953289,1.24944794163579,1.2498733869176,1.40046749520357,1.48310150204499,-0.000850890563615536,-0.302039107135565,-0.467307120818405,76,78,76,75,0.00578860994456309,0.444444444444444
2476,2.0904182242034,2.06082002614072,2.11639189155174,1.38680187121346,1.14466870067634,1.15946779970769,1.13168186700217,1.49647687717131,-0.0295981980626823,0.0259736673483402,-0.703616352989935,47,46,46,45,0.0142665497405456,0.343065693430657
2476,1.97580091707765,2.50048857080611,1.97580091707765,1.97580091707765,1.0167531818901,0.754409355025871,1.0167531818901,1.0167531818901,0.524687653728465,0,0,66,66,66,66,0.0225000439334075,0.284263959390863
2476,2.37079897541159,2.11176051096591,2.15543292881781,2.35005981739994,1.13389500398946,1.2634142362123,1.24157802728635,1.14426458299528,-0.25903846444568,-0.215366046593781,-0.0207391580116516,59,59,59,58,0.0101895369515669,0.355932203389831
2476,2.29213005613528,2.24858124728986,2.01934807411738,1.72132471458421,0.899392446702657,0.921166851125364,1.0357834377116,1.18479511747819,-0.0435488088454137,-0.272781982017892,-0.570805341551065,142,73,72,70,0.0204048887949539,0.20253164556962
2476,2.04536874031042,1.55312511714068,1.33608568878218,1.4249840859676,0.782306277024084,1.02842808860895,1.1369478027882,1.09249860419549,-0.492243623169741,-0.709283051528242,-0.620384654342814,64,64,64,64,0.0355380728044037,0.197916666666667
2476,1.77703014309531,1.20138591353918,0.626563710916309,0.311673702146348,0.932997565790914,1.22081968056898,1.50823078188042,1.6656757862654,-0.575644229556136,-1.150466432179,-1.46535644094897,62,41,41,41,0.0342644837268165,0.528
2476,2.20997982045902,1.88718576033263,1.88718576033263,1.55315050456719,0.883655460932534,1.04505249099573,1.04505249099573,1.21207011887845,-0.322794060126387,-0.322794060126387,-0.656829315891825,72,72,72,72,0.0233701798527832,0.305555555555556
2476,2.23979678551258,1.84618356546825,1.72855508173571,1.58466389066608,0.827297691801981,1.02410430182415,1.08291854369042,1.15486413922523,-0.393613220044333,-0.511241703776873,-0.655132894846503,56,57,56,56,0.0257556154689443,0.227544910179641
2476,1.68506306919543,1.63816661458856,1.66205086921233,1.52221256703144,0.85451175108193,0.877959978385362,0.86601785107348,0.935937002163923,-0.0468964546068635,-0.0230121999831001,-0.162850502163985,56,56,55,57,0.0448442386413791,0.260606060606061
2485,1.30953391252619,1.27095073259962,1.18911044702341,0.636790743086666,0.935152696498809,0.954444286462092,0.9953644292502,1.27152428121857,-0.038583179926567,-0.120423465502784,-0.672743169439523,59,61,63,60,0.0559264585696324,0.413223140495868
2485,1.2365121891016,0.884050515359411,0.43445225931625,0.456583588795919,0.738597177355478,0.914828014226571,1.13962714224815,1.12856147750832,-0.352461673742186,-0.802059929785347,-0.779928600305678,48,45,44,47,0.0874139184106175,0.4
2485,1.59689507311298,1.43104018739248,0.949953725476021,-0.0219276899173344,0.696884143573464,0.779811586433712,1.02035481739194,1.50629552508862,-0.165854885720497,-0.646941347636958,-1.61882276303031,49,51,47,47,0.0674139505296606,0.380434782608696
2485,1.36247878314458,1.15405225593443,0.704485271220251,0.46474461917108,0.805142846155364,0.909356109760437,1.13413960211753,1.25400992814211,-0.208426527210146,-0.657993511924327,-0.897734163973499,43,46,48,52,0.0685890226678684,0.434782608695652
2485,0.79504868082573,1.08831923771904,1.01272745347683,-0.0832386719645168,1.08786385611929,0.941228577672636,0.979024469793741,1.52700753251441,0.293270556893309,0.217678772651099,-0.878287352790246,64,64,63,65,0.0687205102910955,0.421052631578947
2485,1.28388084762073,1.15487152338641,0.378228663495326,0.220053437073313,0.727294735728262,0.791799397845422,1.18012082779096,1.25920844100197,-0.129009324234322,-0.905652184125402,-1.06382741054741,43,43,43,45,0.0854628894415306,0.35
2485,0.755853201904534,1.24248958510293,0.215182733319389,-0.192208531850529,0.877703020870098,0.6343848292709,1.14803825516267,1.35173388774763,0.486636383198395,-0.540670468585145,-0.948061733755063,42,42,42,41,0.104625143216137,0.451219512195122
2485,1.35909964214646,1.12641300479929,0.325296842870243,0.144902362802838,0.686287929021599,0.802631247695182,1.20318932865971,1.29338656869341,-0.232686637347167,-1.03380279927622,-1.21419727934362,74,46,45,48,0.0859949473849164,0.32258064516129
2485,1.25818404668179,1.04861823574759,1.1492264849812,0.467515711767453,0.727551942548128,0.832334848015228,0.78203072339842,1.12288611000529,-0.2095658109342,-0.108957561700584,-0.790668334914332,63,30,32,31,0.0874471824009126,0.44
2485,0.737932525975663,0.737932525975663,0.461354050844425,-0.173838313018693,0.954192981988971,0.954192981988971,1.09248221955459,1.41007840148615,0,-0.276578475131237,-0.911770838994356,26,26,26,26,0.0928912130026714,0.394230769230769
2485,1.37840885898365,1.33272909266112,0.440879465572195,0.194898209572698,0.463029055641675,0.48586893880294,0.931793752347405,1.05478438034715,-0.0456797663225299,-0.937529393411459,-1.18351064941096,64,32,33,33,0.124612570618566,0.260416666666667
2485,1.44085517982181,0.840147373707052,0.752239438146247,0.587793257180084,0.665237662977746,0.965591566035127,1.00954553381553,1.09176862429861,-0.600707806114761,-0.688615741675566,-0.853061922641729,73,37,37,36,0.0829245714885319,0.418918918918919
2485,0.853801469444385,0.421980075955066,0.0318305057474211,0.0636342750066368,0.713400984704896,0.929311681449555,1.12438646655338,1.10848458192377,-0.431821393489319,-0.821970963696964,-0.790167194437748,43,42,41,40,0.127080310864476,0.467948717948718
2485,1.22120849197202,0.601531511691361,NaN,NaN,0.85862488860094,1.16846337874127,NaN,NaN,-0.619676980280661,-1.22120849197202,-1.22120849197202,36,28,30,32,0.0708853252490655,0.434782608695652
2485,0.859221973282174,0.675793776263953,0.347035562368744,NaN,0.664431973996838,0.756146072505948,0.920525179453553,NaN,-0.183428197018221,-0.51218641091343,-0.859221973282174,43,42,42,42,0.136968068453765,0.398773006134969
2485,1.28646149490079,1.01736807581743,-0.353443148301519,0.587720458444365,1.03565180510647,1.17019851464815,1.85560412670763,1.38502232333468,-0.269093419083359,-1.6399046432023,-0.69874103645642,45,45,45,45,0.0465874677673086,0.502732240437158
2485,1.73418701707858,1.65820215888494,0.177398498581111,0.717725289463073,0.870586159199503,0.908578588296325,1.64898041844824,1.37881702300726,-0.0759848581936449,-1.55678851849747,-1.01646172761551,52,51,51,53,0.0411336366438747,0.330143540669856
2485,1.54939279474217,1.36368126388241,0.917648039033962,0.533444671449265,0.88430318667471,0.977158952104589,1.20017556452881,1.39227724832116,-0.18571153085976,-0.631744755708207,-1.0159481232929,29,29,30,29,0.0485579380600937,0.319327731092437
2588,2.33042992020977,2.15349442551267,2.27147161771586,2.22319286360821,0.782939817945021,0.87140756529357,0.812418969191978,0.836558346245804,-0.176935494697099,-0.0589583024939149,-0.107237056601566,76,76,77,76,0.0256982229942273,0.252173913043478
2588,2.62917699043739,2.43548194538833,2.30542127808235,2.11404486593386,0.850620790174124,0.94746831269865,1.01249864635164,1.10818685242589,-0.193695045049052,-0.323755712355031,-0.515132124503523,79,80,80,80,0.0151858307895674,0.2625
2588,2.40302888153546,2.22938090956747,1.69182209568001,1.77049547004269,0.806568238089865,0.893392224073859,1.16217163101759,1.12283494383625,-0.173647971967988,-0.71120678585545,-0.63253341149277,62,62,59,62,0.0223172532827657,0.266129032258065
2588,1.92036382433405,1.96950280682621,1.42494481638772,1.31786820172797,0.692340134207484,0.667770642961404,0.940049638180646,0.993587945510525,0.0491389824921609,-0.495419007946325,-0.602495622606082,40,42,41,40,0.0492140873249917,0.421052631578947
2588,1.87314205024611,1.97749981236925,1.67680457262581,2.18356753718366,0.869590360384036,0.817411479322466,0.967759099194187,0.714377616915261,0.10435776212314,-0.196337477620303,0.310425486937548,46,48,47,47,0.0354465673026768,0.225352112676056
2588,2.25009518768436,1.99258213377382,2.32519465048067,2.04460709214002,0.535060452176797,0.663816979132069,0.49751072077864,0.637804499948966,-0.257513053910543,0.075099462796314,-0.205488095544339,53,54,54,54,0.0484463592846325,0.296296296296296
2588,2.31727580635473,2.35980079017334,2.14319531745332,2.15610763352203,0.591751633362617,0.57048914145331,0.678791877813324,0.672335719778965,0.0425249838186139,-0.174080488901414,-0.161168172832695,73,73,72,73,0.0400255601489679,0.180555555555556
2588,2.45852752302553,2.63018609198647,2.16607220129869,2.07481945046791,0.99863132161156,0.912802037131089,1.14485898247498,1.19048535789037,0.171658568960942,-0.292455321726834,-0.383708072557615,57,56,56,56,0.0129437560721175,0.27710843373494
2588,2.05450172302924,2.2067091044664,1.39939836380008,1.85270677669903,0.917404186488438,0.841300495769861,1.24495586610302,1.01830165965354,0.152207381437154,-0.655103359229162,-0.201794946330211,45,44,45,44,0.0259082545872088,0.263565891472868
2588,1.96224216571733,2.08134439680116,1.72215258414806,1.67749368885751,0.929946109068998,0.870394993527082,1.04999089985363,1.07232034749891,0.119102231083831,-0.240089581569269,-0.28474847685982,133,69,68,66,0.0279979733217972,0.343511450381679
2588,1.82839592463239,1.66185945824915,0.740503610438703,1.07653597573859,0.803858836813395,0.887127070005014,1.34780499391024,1.1797888112603,-0.166536466383239,-1.08789231419369,-0.751859948893803,126,64,65,65,0.0428931278107871,0.298429319371728
2588,1.95144153836977,1.92194433471837,1.48993577367786,1.34610765214235,0.573939736156311,0.588688337982009,0.804692618502264,0.87660667927002,-0.0294972036513967,-0.461505764691907,-0.605333886227419,65,63,63,66,0.0606115111375719,0.238341968911917
2588,1.90350949251023,1.86003859023947,1.14195846832219,1.41779552039293,0.770381353768273,0.792116804903653,1.15115686586229,1.01323833982692,-0.0434709022707602,-0.761551024188043,-0.485713972117298,61,61,61,59,0.0425224334750466,0.279329608938548
2588,1.2940632835306,1.22166756333299,0.517853272375756,0.930246454561811,0.777745281636993,0.813943141735796,1.16585028721441,0.959653696121386,-0.0723957201976071,-0.776210011154841,-0.363816828968786,53,56,53,55,0.0771108474904509,0.358024691358025
2588,1.39801507642915,1.79862649165337,1.20119991675796,1.29679261450012,0.844947629168603,0.644641921556492,0.943355209004198,0.895558860133119,0.400611415224222,-0.19681515967119,-0.101222461929033,42,40,42,41,0.0612995969886668,0.322314049586777
2588,1.95511805678563,1.50219868558483,1.0745849363832,1.39164052259473,0.718699446760802,0.945159132361202,1.15896600696201,1.00043821385625,-0.4529193712008,-0.880533120402421,-0.563477534190897,50,49,50,49,0.0449184703746255,0.275862068965517
2590,1.56456302622597,0.598797681426588,0.974381288277924,0.396263731976706,0.0644234274874609,0.547306099887153,0.359514296461484,0.648573074612093,-0.965765344799383,-0.590181737948047,-1.16829929424927,95,48,50,50,0.198579802106077,0.236842105263158
2590,1.78291357948558,1.24662328115016,1.91578694583883,1.09205630150784,0.610938154146815,0.879083303314524,0.544501470970188,0.956366793135682,-0.536290298335418,0.132873366353254,-0.690857277977736,77,41,41,39,0.0664975706846822,0.252100840336134
2590,2.00011468089558,1.56727474392547,1.69340862237737,1.22751249011771,0.28890229761275,0.505322266097807,0.442255326871855,0.675203393001686,-0.432839936970115,-0.30670605851821,-0.772602190777873,107,54,55,55,0.0987060594365639,0.2
2590,1.84165047102757,1.31576945913488,1.74165519592727,0.951852818243793,0.593243825232004,0.856184331178346,0.643241462782152,1.03814265162389,-0.525881011892684,-0.099995275100297,-0.889797652783774,118,61,60,63,0.0650041623572031,0.251366120218579
2590,2.17814124604229,2.50815648858957,2.47137238183385,2.34300393385529,0.832684342437896,0.667676721164254,0.686068774542116,0.750252998531392,0.330015242547283,0.29323113579156,0.164862687813007,116,59,60,58,0.027318298702683,0.354609929078014
2590,2.33023585840326,1.34076128501047,1.96988052124475,1.00868346892497,0.784819418521027,1.27955670521742,0.964997087100282,1.44559561326017,-0.98947457339279,-0.36035533715851,-1.32155238947829,70,69,73,72,0.0255917934937776,0.27027027027027
2590,2.04321053141895,1.25210684256908,1.43608441863369,0.361671077470614,0.533856350186404,0.929408194611341,0.837419406579037,1.37462607716057,-0.791103688849875,-0.607126112785267,-1.68153945394834,68,67,68,65,0.0599180846901339,0.259259259259259
2590,2.41046143209016,1.03700393769736,1.39486739607962,0.56480006022779,0.488854560879395,1.17558330807579,0.996651578884665,1.41168524681058,-1.37345749439279,-1.01559403601054,-1.84566137186237,84,83,78,83,0.0451245398128285,0.193939393939394
2590,1.45174134599737,0.804543068422341,1.14752638452547,0.712137346985185,0.655339490735012,0.978938629522527,0.807446971470964,1.0251414902411,-0.64719827757503,-0.304214961471905,-0.739603999012186,37,38,35,35,0.083607175305479,0.34108527131783
2590,2.10527684167471,1.62884961981845,1.69475914424383,0.745169133804807,0.556161181365204,0.794374792293335,0.761420030080645,1.23621503530016,-0.476427221856263,-0.410517697430884,-1.36010770786991,58,58,59,59,0.0538300839548848,0.301310043668122
2590,2.18654253268903,2.51351280118142,2.46873878969444,2.24307551825552,0.800748650800021,0.637263516553828,0.65965052229732,0.772482158016778,0.326970268492386,0.2821962570054,0.0565329855664851,99,50,51,51,0.0291111831202451,0.349593495934959
2590,2.04809075111428,1.380938005413,1.25936095775105,0.850489081219389,0.412432355434444,0.746008728285083,0.806797252116057,1.01123319038189,-0.66715274570128,-0.788729793363228,-1.19760166989489,56,58,55,57,0.0754332242949262,0.328888888888889
